Method,Model_Name,Type,Avg_Precision,Avg_Recall,Precision_Improvement,Avg_Rerank_Time,Total_TP,Overall_Precision
ORIGINAL (No Reranking),N/A,baseline,0.8833333333333332,0.12,0.0,0.0,60,0.9523809523809523
JINA_V2_MULTILINGUAL,jina-reranker-v2-base-multilingual,jina_api,0.8833333333333332,0.12,0.0,0.6413439273834228,60,0.9523809523809523
JINA_V1_TINY,jina-reranker-v1-tiny-en,jina_api,0.8833333333333332,0.12,0.0,4.236335372924804,60,0.9523809523809523
JINA_V1_TURBO,jina-reranker-v1-turbo-en,jina_api,0.8833333333333332,0.12,0.0,5.071180963516236,60,0.9523809523809523
BGE_BASE,BAAI/bge-reranker-base,flag_embedding,0.8833333333333332,0.12,0.0,3.45816707611084,60,0.9523809523809523
BGE_LARGE,BAAI/bge-reranker-large,flag_embedding,0.8833333333333332,0.12,0.0,6.273310565948487,60,0.9523809523809523
MSMARCO_MINILM,cross-encoder/ms-marco-MiniLM-L6-v2,sentence_transformer,0.8833333333333332,0.12,0.0,1.6273147583007812,60,0.9523809523809523
MSMARCO_TINYBERT,cross-encoder/ms-marco-TinyBERT-L2-v2,sentence_transformer,0.8833333333333332,0.12,0.0,1.4877264022827148,60,0.9523809523809523
